[
    {
        "image_list": "https://media.cnn.com/api/v1/images/stellar/prod/230213144330-02-titanic-25th-anniversary-restricted.jpg?c=original",
        "time": "00:12:34",
        "posd": "6.77",
        "Live": false
    },
    {
        "image_list": "https://variety.com/wp-content/uploads/2016/03/titanic-anniversary.jpg?w=1000&h=608&crop=1",
        "time": "00:12:38",
        "posd": "6.17",
        "Live": true
    },
    {
        "image_list": "https://goldenglobes.com/wp-content/uploads/2023/10/leo-2023.jpg?w=600?w=600",
        "time": "00:02:08",
        "posd": "6.32",
        "Live": true
    },
    {
        "image_list": "https://upload.wikimedia.org/wikipedia/commons/2/26/Leonardo_DiCaprio_2014.jpg",
        "time": "00:01:38",
        "posd": "6.1",
        "Live": true
    }
]
